{
  "feature_names": [
    "h1_body",
    "h1_close",
    "h1_close_return_1",
    "h1_ema_20",
    "h1_high",
    "h1_low",
    "h1_lower_wick",
    "h1_ma_gap_sma20",
    "h1_ma_gap_sma50",
    "h1_macd",
    "h1_macd_hist",
    "h1_macd_signal",
    "h1_open",
    "h1_range",
    "h1_rsi_14",
    "h1_sma_20",
    "h1_sma_50",
    "h1_upper_wick"
  ],
  "sequence_feature_names": [
    "h1_body",
    "h1_close",
    "h1_close_return_1",
    "h1_ema_20",
    "h1_high",
    "h1_low",
    "h1_lower_wick",
    "h1_ma_gap_sma20",
    "h1_ma_gap_sma50",
    "h1_macd",
    "h1_macd_hist",
    "h1_macd_signal",
    "h1_open",
    "h1_range",
    "h1_rsi_14",
    "h1_sma_20",
    "h1_sma_50",
    "h1_upper_wick"
  ],
  "static_feature_names": [
    "h1_last_close",
    "h1_recent_momentum",
    "h1_trend_consistency"
  ],
  "sequence_length": 32,
  "target_column": "target_delta_t_plus_2",
  "target_transform": "none",
  "target_scale_lookback": 10,
  "target_scale_floor": 1e-06,
  "use_multitask_direction_head": true,
  "direction_loss_weight": 1.0,
  "feature_mean": [
    0.003656955435872078,
    154.51759338378906,
    3.4009597584372386e-05,
    154.47451782226562,
    154.6085205078125,
    154.4105224609375,
    0.055443890392780304,
    0.047214996069669724,
    0.11851493269205093,
    0.0338851734995842,
    0.0002356835757382214,
    0.033648863434791565,
    154.5142822265625,
    0.20007501542568207,
    52.41044616699219,
    154.47052001953125,
    154.3854217529297,
    0.04958556964993477
  ],
  "feature_std": [
    0.12936146557331085,
    2.6932835578918457,
    0.0008849441073834896,
    2.6928582191467285,
    2.6860556602478027,
    2.699415445327759,
    0.056637734174728394,
    0.35865139961242676,
    0.6134244203567505,
    0.17397327721118927,
    0.047405265271663666,
    0.16587874293327332,
    2.692692756652832,
    0.1100306436419487,
    17.541152954101562,
    2.701862335205078,
    2.7005534172058105,
    0.04673701524734497
  ],
  "static_feature_mean": [
    154.59288024902344,
    0.02724727801978588,
    0.5699803233146667
  ],
  "static_feature_std": [
    2.6503381729125977,
    0.3059910237789154,
    0.053817808628082275
  ],
  "batch_size": 64,
  "epochs": 30,
  "learning_rate": 0.001,
  "hidden_size": 64,
  "num_layers": 2,
  "dropout": 0.2,
  "static_feature_count": 3,
  "train_size": 1836,
  "valid_size": 393,
  "test_size": 394
}