{
  "dataset": "E:\\Project\\FX\\SGSystemForRO\\Src\\Backtest\\Output\\datasets\\h1_training_dataset.csv",
  "horizons": [
    6,
    7,
    8
  ],
  "sequence_length": 32,
  "sequence_feature_names": [
    "rel_open",
    "rel_high",
    "rel_low",
    "rel_close",
    "body_scaled",
    "range_scaled",
    "upper_wick_scaled",
    "lower_wick_scaled",
    "close_return_1",
    "rsi_centered",
    "macd_scaled",
    "macd_hist_scaled",
    "ma_gap_sma20_scaled",
    "ma_gap_sma50_scaled",
    "hour_sin",
    "hour_cos",
    "weekday_sin",
    "weekday_cos"
  ],
  "static_feature_names": [
    "log_recent_range_mean",
    "return_mean_6",
    "return_mean_12",
    "return_mean_24",
    "return_std_6",
    "return_std_12",
    "return_std_24",
    "range_mean_6",
    "range_mean_12",
    "range_mean_24",
    "range_ratio_last_6",
    "range_ratio_last_12",
    "range_ratio_last_24",
    "slope_6",
    "slope_12",
    "slope_24",
    "close_position_12",
    "close_position_24",
    "close_position_full",
    "up_ratio_6",
    "up_ratio_12",
    "up_ratio_24",
    "trend_consistency_12",
    "trend_consistency_24",
    "current_hour_sin",
    "current_hour_cos",
    "current_weekday_sin",
    "current_weekday_cos",
    "drift_baseline_scaled_t_plus_6",
    "drift_baseline_scaled_t_plus_7",
    "drift_baseline_scaled_t_plus_8"
  ],
  "sequence_feature_mean": [
    -0.00027599046006798744,
    0.0005237463628873229,
    -0.001099532120861113,
    -0.0002630039816722274,
    0.012371097691357136,
    1.0397270917892456,
    0.25526314973831177,
    0.2806711792945862,
    1.6006606529117562e-05,
    0.007927068509161472,
    0.08865226805210114,
    0.00198200810700655,
    0.12883605062961578,
    0.3108441233634949,
    -0.003453223267570138,
    -0.01193355955183506,
    0.36960238218307495,
    0.06572170555591583
  ],
  "sequence_feature_std": [
    0.0050540342926979065,
    0.004987657535821199,
    0.004987724125385284,
    0.004910870920866728,
    0.7118048071861267,
    0.6112879514694214,
    0.2388843595981598,
    0.28592339158058167,
    0.0011853999458253384,
    0.1847338229417801,
    0.8755677938461304,
    0.26472845673561096,
    1.8913718461990356,
    3.073394775390625,
    0.7081307768821716,
    0.7061381936073303,
    0.5449721813201904,
    0.7498112916946411
  ],
  "static_feature_mean": [
    0.21091967821121216,
    2.0767032765434124e-05,
    1.8775161152007058e-05,
    1.8864308003685437e-05,
    0.000897515332326293,
    0.0009909475920721889,
    0.0010649285977706313,
    0.9980655312538147,
    1.0,
    1.0369025468826294,
    1.019535779953003,
    1.0164321660995483,
    1.00617253780365,
    0.059114836156368256,
    0.13454626500606537,
    0.35016608238220215,
    0.5255768895149231,
    0.5350639224052429,
    0.5383968353271484,
    0.4964198172092438,
    0.4953652620315552,
    0.4967314898967743,
    0.6193417310714722,
    0.5801631808280945,
    -0.055800892412662506,
    -0.0218244269490242,
    0.3671707510948181,
    -0.16382449865341187,
    0.07205541431903839,
    0.08406475186347961,
    0.09607387334108353
  ],
  "static_feature_std": [
    0.06714405119419098,
    0.0004941328661516309,
    0.0003610370622482151,
    0.0002556911204010248,
    0.000561178254429251,
    0.0005289637483656406,
    0.0004987894790247083,
    0.1967756301164627,
    1.0,
    0.18061025440692902,
    0.45946231484413147,
    0.5190057754516602,
    0.5612030625343323,
    1.5001225471496582,
    2.2747914791107178,
    3.467350482940674,
    0.30177396535873413,
    0.30435988306999207,
    0.30655136704444885,
    0.21859492361545563,
    0.15039609372615814,
    0.10246286541223526,
    0.08741875737905502,
    0.060652781277894974,
    0.6972416043281555,
    0.7143341898918152,
    0.5366486310958862,
    0.7418571710586548,
    1.6487107276916504,
    1.9234960079193115,
    2.1982805728912354
  ],
  "target_scale_lookback": 12,
  "target_scale_floor": 1e-06,
  "active_thresholds": [
    1.4337626695632935,
    1.5854554176330566,
    1.7019314765930176
  ],
  "direction_pos_weight": [
    0.8718625903129578,
    0.9384405016899109,
    0.9122806787490845
  ],
  "hidden_size": 64,
  "mixer_layers": 1,
  "patch_length": 4,
  "dropout": 0.2,
  "learning_rate": 0.0005,
  "weight_decay": 0.0001,
  "batch_size": 128,
  "epochs": 30,
  "huber_beta": 0.5,
  "active_quantile": 0.65,
  "active_weight": 0.0,
  "direction_loss_weight": 0.0,
  "grad_clip": 1.0,
  "seed": 42,
  "best_epoch": 1
}
