{
  "dataset": "E:\\Project\\FX\\SGSystemForRO\\Src\\Backtest\\Output\\datasets\\h1_training_dataset.csv",
  "horizons": [
    6,
    7,
    8
  ],
  "sequence_length": 32,
  "sequence_feature_names": [
    "rel_open",
    "rel_high",
    "rel_low",
    "rel_close",
    "body_scaled",
    "range_scaled",
    "upper_wick_scaled",
    "lower_wick_scaled",
    "close_return_1",
    "rsi_centered",
    "macd_scaled",
    "macd_hist_scaled",
    "ma_gap_sma20_scaled",
    "ma_gap_sma50_scaled",
    "hour_sin",
    "hour_cos",
    "weekday_sin",
    "weekday_cos"
  ],
  "static_feature_names": [
    "log_recent_range_mean",
    "return_mean_6",
    "return_mean_12",
    "return_mean_24",
    "return_std_6",
    "return_std_12",
    "return_std_24",
    "range_mean_6",
    "range_mean_12",
    "range_mean_24",
    "range_ratio_last_6",
    "range_ratio_last_12",
    "range_ratio_last_24",
    "slope_6",
    "slope_12",
    "slope_24",
    "close_position_12",
    "close_position_24",
    "close_position_full",
    "up_ratio_6",
    "up_ratio_12",
    "up_ratio_24",
    "trend_consistency_12",
    "trend_consistency_24",
    "current_hour_sin",
    "current_hour_cos",
    "current_weekday_sin",
    "current_weekday_cos",
    "drift_baseline_scaled_t_plus_6",
    "drift_baseline_scaled_t_plus_7",
    "drift_baseline_scaled_t_plus_8"
  ],
  "sequence_feature_mean": [
    -0.0005402637179940939,
    0.00010038256732514128,
    -0.0011945010628551245,
    -0.0005177300190553069,
    0.022327592596411705,
    1.0354450941085815,
    0.2586526870727539,
    0.28672778606414795,
    3.351437771925703e-05,
    0.023968173190951347,
    0.18654096126556396,
    0.004565408919006586,
    0.273301362991333,
    0.6530466079711914,
    -0.00023413519375026226,
    -0.015878956764936447,
    0.37305569648742676,
    0.10598636418581009
  ],
  "sequence_feature_std": [
    0.0038943591061979532,
    0.0038106192369014025,
    0.0038746153004467487,
    0.0037913178093731403,
    0.6714300513267517,
    0.5707409977912903,
    0.24663743376731873,
    0.2911683917045593,
    0.0008746758685447276,
    0.17625971138477325,
    0.8762872219085693,
    0.24376006424427032,
    1.7993714809417725,
    3.0795140266418457,
    0.7077827453613281,
    0.7062079310417175,
    0.5434620380401611,
    0.7443910241127014
  ],
  "static_feature_mean": [
    0.18066169321537018,
    3.751978510990739e-05,
    3.388457844266668e-05,
    3.422879672143608e-05,
    0.0007116686902008951,
    0.0007745823822915554,
    0.000820030109025538,
    0.9985809326171875,
    1.0,
    1.031588077545166,
    1.01832115650177,
    1.0109666585922241,
    1.0030303001403809,
    0.1282213181257248,
    0.2918173670768738,
    0.6658077836036682,
    0.5588443279266357,
    0.5738109350204468,
    0.5778705477714539,
    0.5116738080978394,
    0.5087899565696716,
    0.5078954100608826,
    0.6147629618644714,
    0.5782933235168457,
    -0.06144591420888901,
    -0.04572564363479614,
    0.39532434940338135,
    -0.13239286839962006,
    0.1556815803050995,
    0.18162868916988373,
    0.20757587254047394
  ],
  "static_feature_std": [
    0.04026436805725098,
    0.0003657109336927533,
    0.00026920417440123856,
    0.00019852817058563232,
    0.0003750485775526613,
    0.0003247446729801595,
    0.00028328815824352205,
    0.19090737402439117,
    1.0,
    0.16777466237545013,
    0.45120635628700256,
    0.482899934053421,
    0.5033529996871948,
    1.4507670402526855,
    2.1414012908935547,
    3.2897751331329346,
    0.2844523787498474,
    0.29301971197128296,
    0.29797348380088806,
    0.21654602885246277,
    0.14190009236335754,
    0.09864317625761032,
    0.08215926587581635,
    0.05893877521157265,
    0.7020484209060669,
    0.7079979777336121,
    0.5240105986595154,
    0.7426953315734863,
    1.5801950693130493,
    1.8435612916946411,
    2.106926918029785
  ],
  "target_scale_lookback": 12,
  "target_scale_floor": 1e-06,
  "active_thresholds": [
    1.325257420539856,
    1.4735814332962036,
    1.6098946332931519
  ],
  "direction_pos_weight": [
    0.8109756112098694,
    0.856249988079071,
    0.8276923298835754
  ],
  "hidden_size": 64,
  "mixer_layers": 2,
  "patch_length": 8,
  "dropout": 0.2,
  "learning_rate": 0.0005,
  "weight_decay": 0.0001,
  "batch_size": 128,
  "epochs": 20,
  "huber_beta": 0.5,
  "active_quantile": 0.65,
  "active_weight": 0.0,
  "direction_loss_weight": 0.0,
  "grad_clip": 1.0,
  "seed": 42,
  "best_epoch": 1
}
